<?xml version="1.0" encoding="UTF-8"?>
<project-private xmlns="http://www.netbeans.org/ns/project-private/1">
    <editor-bookmarks xmlns="http://www.netbeans.org/ns/editor-bookmarks/2" lastBookmarkId="0"/>
    <open-files xmlns="http://www.netbeans.org/ns/projectui-open-files/2">
        <group>
            <file>file:/mnt/windows/Kuliah/PBO/Jobsheet6(2)/src/Percobaan2/StaffHarian.java</file>
            <file>file:/mnt/windows/Kuliah/PBO/Jobsheet6(2)/src/Tugas/Komputer.java</file>
            <file>file:/mnt/windows/Kuliah/PBO/Jobsheet6(2)/src/Tugas/Main.java</file>
            <file>file:/mnt/windows/Kuliah/PBO/Jobsheet6(2)/src/Percobaan1/Staff.java</file>
            <file>file:/mnt/windows/Kuliah/PBO/Jobsheet6(2)/src/Percobaan2/StaffTetap.java</file>
            <file>file:/mnt/windows/Kuliah/PBO/Jobsheet6(2)/src/Percobaan2/Manager.java</file>
            <file>file:/mnt/windows/Kuliah/PBO/Jobsheet6(2)/src/Tugas/PC.java</file>
            <file>file:/mnt/windows/Kuliah/PBO/Jobsheet6(2)/src/Percobaan2/Karyawan.java</file>
            <file>file:/mnt/windows/Kuliah/PBO/Jobsheet6(2)/src/Percobaan1/Manager.java</file>
            <file>file:/mnt/windows/Kuliah/PBO/Jobsheet6(2)/src/Percobaan2/Staff.java</file>
            <file>file:/mnt/windows/Kuliah/PBO/Jobsheet6(2)/src/Percobaan1/Inherintance1.java</file>
            <file>file:/mnt/windows/Kuliah/PBO/Jobsheet6(2)/src/Percobaan1/Karyawan.java</file>
            <file>file:/mnt/windows/Kuliah/PBO/Jobsheet6(2)/src/Tugas/Laptop.java</file>
            <file>file:/mnt/windows/Kuliah/PBO/Jobsheet6(2)/src/Percobaan2/Inherintance1.java</file>
            <file>file:/mnt/windows/Kuliah/PBO/Jobsheet6(2)/src/Tugas/Windows.java</file>
            <file>file:/mnt/windows/Kuliah/PBO/Jobsheet6(2)/src/Tugas/Mac.java</file>
        </group>
    </open-files>
</project-private>
